{
  "ATOMPAIR": {
    "colsample_bytree": 0.8448382890889685,
    "learning_rate": 0.19274151912493195,
    "max_depth": 7,
    "min_child_weight": 9,
    "n_estimators": 457,
    "reg_lambda": 3.4881559796363244,
    "subsample": 0.624090188651708
  },
  "AVALON": {
    "colsample_bytree": 0.6561547754380935,
    "learning_rate": 0.07546841694376606,
    "max_depth": 8,
    "min_child_weight": 8,
    "n_estimators": 519,
    "reg_lambda": 0.4640040432036896,
    "subsample": 0.8072610195767556
  },
  "ECFP4": {
    "colsample_bytree": 0.9047719986607997,
    "learning_rate": 0.28113599803509537,
    "max_depth": 9,
    "min_child_weight": 6,
    "n_estimators": 259,
    "reg_lambda": 4.422357988489468,
    "subsample": 0.8214535363308929
  },
  "ECFP6": {
    "colsample_bytree": 0.9030660980353199,
    "learning_rate": 0.24891980324522994,
    "max_depth": 7,
    "min_child_weight": 2,
    "n_estimators": 583,
    "reg_lambda": 4.681918249302152,
    "subsample": 0.9903981689891735
  },
  "FCFP4": {
    "colsample_bytree": 0.8475719706576375,
    "learning_rate": 0.1422945617430637,
    "max_depth": 9,
    "min_child_weight": 8,
    "n_estimators": 561,
    "reg_lambda": 0.5625516704855127,
    "subsample": 0.6289133039189035
  },
  "RDK": {
    "colsample_bytree": 0.6859916889552555,
    "learning_rate": 0.06396871130406845,
    "max_depth": 9,
    "min_child_weight": 4,
    "n_estimators": 567,
    "reg_lambda": 3.2184103222299685,
    "subsample": 0.6536962979885562
  },
  "TOPTOR": {
    "colsample_bytree": 0.9425152712009877,
    "learning_rate": 0.1575354936680244,
    "max_depth": 8,
    "min_child_weight": 2,
    "n_estimators": 519,
    "reg_lambda": 4.022910532906876,
    "subsample": 0.8455236099205465
  }
}